id;nombre;apellidos;dni
1;payment schemas navigate;Tuna;Money Market Account
2;back up Gabon Georgia;Representative South Carolina;Fantastic Palestinia
3;drive bandwidth;alarm;Handcrafted Reactive
4;cyan Auto Loan Account;Enterprise-wide;Sleek Soft Bike navi
5;Zambian Kwacha Small Metal Bike Com;turquoise;IB
6;Outdoors;connect Fresh full-range;purple solutions
7;methodologies;Stand-alone Auto Loan Account Algeria;mobile
8;Cotton;Peru;Principal Security
9;Associate Planner Human;holistic payment revolutionary;ivory Money Market A
10;invoice;paradigm;Iranian Rial
